<?xml version="1.0" encoding="UTF-8"?>
<project-private xmlns="http://www.netbeans.org/ns/project-private/1">
    <editor-bookmarks xmlns="http://www.netbeans.org/ns/editor-bookmarks/2" lastBookmarkId="0"/>
    <open-files xmlns="http://www.netbeans.org/ns/projectui-open-files/2">
        <group>
            <file>file:/C:/Users/hp/OneDrive/Documents/NetBeansProjects/StudentManagementSystem/src/forgetPass.java</file>
            <file>file:/C:/Users/hp/OneDrive/Documents/NetBeansProjects/StudentManagementSystem/src/cousemanage.java</file>
            <file>file:/C:/Users/hp/OneDrive/Documents/NetBeansProjects/StudentManagementSystem/src/forStudent.java</file>
            <file>file:/C:/Users/hp/OneDrive/Documents/NetBeansProjects/StudentManagementSystem/src/adminitratorUpdate.java</file>
            <file>file:/C:/Users/hp/OneDrive/Documents/NetBeansProjects/StudentManagementSystem/src/createAccount.java</file>
            <file>file:/C:/Users/hp/OneDrive/Documents/NetBeansProjects/StudentManagementSystem/src/StudentEnroll.java</file>
            <file>file:/C:/Users/hp/OneDrive/Documents/NetBeansProjects/StudentManagementSystem/src/yourRes.java</file>
            <file>file:/C:/Users/hp/OneDrive/Documents/NetBeansProjects/StudentManagementSystem/src/ShowNotice.java</file>
            <file>file:/C:/Users/hp/OneDrive/Documents/NetBeansProjects/StudentManagementSystem/src/insertUpdate.java</file>
            <file>file:/C:/Users/hp/OneDrive/Documents/NetBeansProjects/StudentManagementSystem/src/Home.java</file>
            <file>file:/C:/Users/hp/OneDrive/Documents/NetBeansProjects/StudentManagementSystem/src/notice.java</file>
            <file>file:/C:/Users/hp/OneDrive/Documents/NetBeansProjects/StudentManagementSystem/src/login.java</file>
            <file>file:/C:/Users/hp/OneDrive/Documents/NetBeansProjects/StudentManagementSystem/src/cse2100.java</file>
            <file>file:/C:/Users/hp/OneDrive/Documents/NetBeansProjects/StudentManagementSystem/src/DashBord.java</file>
            <file>file:/C:/Users/hp/OneDrive/Documents/NetBeansProjects/StudentManagementSystem/src/resultOfcourse.java</file>
            <file>file:/C:/Users/hp/OneDrive/Documents/NetBeansProjects/StudentManagementSystem/src/academicInfomation.java</file>
            <file>file:/C:/Users/hp/OneDrive/Documents/NetBeansProjects/StudentManagementSystem/src/result.java</file>
        </group>
    </open-files>
</project-private>
